Id,Name,StockKeepingUnit,ProductCode
01tOK000009IBEUYA4,"BF99 Custom Text Black Banner Horizontal 14' x 30""",BF99B,Sign. Ban Black:BF99B
01tOK000009IBEQYA4,"BH99 Custom Text Black Banner Horizontal 84"" x 30""",BH99B,Sign. Ban Black:BH99B
01tOK000009IBETYA4,"BL99 Custom Text Black Banner Oversized 21"" x 30""",BL99B,Sign. Ban Black:BL99B
01tOK000009IBERYA4,"BS99 Custom Text Black Banner Square 30"" x 30""",BS99B,Sign. Ban Black:BS99B
01tOK000009IBESYA4,"BV99 Custom Text Black Banner Vertical 18"" x 60""",BV99B,Sign. Ban Black:BV99B
01tOK000009IBD9YAO,"BF10 Slow Area - Hi Vis Green Banner Horizontal 14' x 30""",BF10G,Sign. Ban Green:BF10G
01tOK000009IBDCYA4,"BF11 Be Aware Ski & Ride With Care - Hi Vis Green Banner Horizontal 14' x 30""",BF11G,Sign. Ban Green:BF11G
01tOK000009IBDFYA4,"BF12 Watch Speed Avoid Collisions with Others, Natural & Man-Made Objects - Hi Vis Green Banner Horizontal 14' x 30""",BF12G,Sign. Ban Green:BF12G
01tOK000009IBDIYA4,"BF13 Avoid Collisions Be Aware, Check Your Speed, & Be In Control - Hi Vis Green Banner Horizontal 14' x 30""",BF13G,Sign. Ban Green:BF13G
01tOK000009IBENYA4,"BF14 High Traffic Area Slow Down & Avoid Collisions - Hi Vis Green Banner Horizontal 14' x 30""",BF14G,Sign. Ban Green:BF14G
01tOK00000Bd1VnYAJ,"BF15 Easiest Way Down - Hi Vis Green Banner Horizontal 14' x 30""",BF15G,Sign. Ban Green:BF15G
01tOK000009IBEVYA4,"BF99 Custom Text Hi Vis Green Banner Horizontal 14' x 30""",BF99G,Sign. Ban Green:BF99G
01t1a000001DcWfAAK,"BH01 Slow - Hi Vis Green Banner Horizontal 84"" x 30""",BH01G,Sign. Ban Green:BH01G
01t1a000001DcWkAAK,"BH02 Trails Merge - Hi Vis Green Banner Horizontal 84"" x 30""",BH02G,Sign. Ban Green:BH02G
01t1a000001DcWpAAK,"BH03 Caution Snowmaking in Progress - Hi Vis Green Banner Horizontal 84"" x 30""",BH03G,Sign. Ban Green:BH03G
01t1a000001DcWuAAK,"BH04 Feature Closed - Hi Vis Green Banner Horizontal 84"" x 30""",BH04G,Sign. Ban Green:BH04G
01t1a000001DcWzAAK,"BH05 Closed - Hi Vis Green Banner Horizontal 84"" x 30""",BH05G,Sign. Ban Green:BH05G
01t1a000001DcX4AAK,"BH06 Race in Progress - Hi Vis Green Banner Horizontal 84"" x 30""",BH06G,Sign. Ban Green:BH06G
01t1a000001DcZtAAK,"BH07 Look Left Arrow - Hi Vis Green Banner Horizontal 84"" x 30""",BH07G L,Sign. Ban Green:BH07G L
01t1a000001DcX9AAK,"BH07 Look Right Arrow - Hi Vis Green Banner Horizontal 84"" x 30""",BH07G R,Sign. Ban Green:BH07G R
01t1a000001DcZyAAK,"BH09 Caution - Hi Vis Green Banner Horizontal 84"" x 30""",BH09G,Sign. Ban Green:BH09G
01t1a000001Dca3AAC,"BH10 Caution Congested Area - Hi Vis Green Banner Horizontal 84"" x 30""",BH10G,Sign. Ban Green:BH10G
01t1a000001Dca8AAC,"BH11 Lower Restraining Device - Hi Vis Green Banner Horizontal 84"" x 30""",BH11G,Sign. Ban Green:BH11G
01t1a000001DcaDAAS,"BH12 Closed Passes/Tickets Revoked - Hi Vis Green Banner Horizontal 84"" x 30""",BH12G,Sign. Ban Green:BH12G
01t1a000001LI9iAAG,"BH13 No Jumping - Hi Vis Green Banner Horizontal 84"" x 30""",BH13G,Sign. Ban Green:BH13G
01t1a000001LI9nAAG,"BH14 Lift Closed - Hi Vis Green Banner Horizontal 84"" x 30""",BH14G,Sign. Ban Green:BH14G
01t1a000001LI9sAAG,"BH15 Caution Intersection - Hi Vis Green Banner Horizontal 84"" x 30""",BH15G,Sign. Ban Green:BH15G
01t1a000001LI9xAAG,"BH16 No Sledding - Hi Vis Green Banner Horizontal 84"" x 30""",BH16G,Sign. Ban Green:BH16G
01t1a000001LIA2AAO,"BH17 Training in Progress - Hi Vis Green Banner Horizontal 84"" x 30""",BH17G,Sign. Ban Green:BH17G
01t1a000001LIA7AAO,"BH18 Slow Skiing Zone - Hi Vis Green Banner Horizontal 84"" x 30""",BH18G,Sign. Ban Green:BH18G
01t1a000001LI9eAAG,"BH19 Snowmobile Lane - Hi Vis Green Banner Horizontal 84"" x 30""",BH19G,Sign. Ban Green:BH19G
01t1a000001LIACAA4,"BH20 Chevrons Facing Right or Left - Hi Vis Green Banner Horizontal 84"" x 30""",BH20G,Sign. Ban Green:BH20G
01t1a000001LIAHAA4,"BH21 Rest Area - Hi Vis Green Banner Horizontal 84"" x 30""",BH21G,Sign. Ban Green:BH21G
01t1a000001wS4NAAU,"BH22 Caution Unmarked Obstacles - Hi Vis Green Banner Horizontal 84"" x 30""",BH22G,Sign. Ban Green:BH22G
01t1a000001wQnYAAU,"BH23 Slow - Trails Merge - Hi Vis Green Banner Horizontal 84"" x 30""",BH23G,Sign. Ban Green:BH23G
01t1a000001wQnTAAU,"BH24 Caution Trail Crossings - Hi Vis Green Banner Horizontal 84"" x 30""",BH24G,Sign. Ban Green:BH24G
01t1a000001wQnOAAU,"BH25 Most Difficult Terrain - Hi Vis Green Banner Horizontal 84"" x 30""",BH25G,Sign. Ban Green:BH25G
01t1a000001wQnEAAU,"BH26 Best Way Down Left Arrows - Hi Vis Green Banner Horizontal 84"" x 30""",BH26G L,Sign. Ban Green:BH26G L
01t1a000001wQnJAAU,"BH26 Best Way Down Right Arrows - Hi Vis Green Banner Horizontal 84"" x 30""",BH26G R,Sign. Ban Green:BH26G R
01t6T0000067YWiQAM,"BH27 Easier Way Down - Hi Vis Green Banner Horizontal 84"" x 30""",BH27G,Sign. Ban Green:BH27G
01t2L000001msuFQAQ,"BH28 Easiest Way Down Arrow Pointing Left - Hi Vis Green Banner Horizontal 84"" x 30""",BH28G L,Sign. Ban Green:BH28G L
01t2L000002JlWcQAK,"BH28 Easiest Way Down Arrow Pointing Right - Hi Vis Green Banner Horizontal 84"" x 30""",BH28G R,Sign. Ban Green:BH28G R
01t2L000001msuAQAQ,"BH29 Walking Access Only - Hi Vis Green Banner Horizontal 84"" x 30""",BH29G,Sign. Ban Green:BH29G
01t2L000001msu5QAA,"BH30 Raise Your Safety Bar Here - Hi Vis Green Banner Horizontal 84"" x 30""",BH30G,Sign. Ban Green:BH30G
01t2L000001msu0QAA,"BH31 Raise Bar Here - Hi Vis Green Banner Horizontal 84"" x 30""",BH31G,Sign. Ban Green:BH31G
01t2L000001mstvQAA,"BH32 Event in Progress - Hi Vis Green Banner Horizontal 84"" x 30""",BH32G,Sign. Ban Green:BH32G
01t2L000001mstqQAA,"BH33 Slow Beginner Area - Hi Vis Green Banner Horizontal 84"" x 30""",BH33G,Sign. Ban Green:BH33G
01t2L000001mstlQAA,"BH34 Moguls - Hi Vis Green Banner Horizontal 84"" x 30""",BH34G,Sign. Ban Green:BH34G
01t2L000002JlWhQAK,"BH35 Après Ski Arrow Pointing Left - Hi Vis Green Banner Horizontal 84"" x 30""",BH35G L,Sign. Ban Green:BH35G L
01t2L000001mstgQAA,"BH35 Après Ski Arrow Pointing Right - Hi Vis Green Banner Horizontal 84"" x 30""",BH35G R,Sign. Ban Green:BH35G R
01t2L000001mstbQAA,"BH36 Park Exit Entering Slow Zone - Hi Vis Green Banner Horizontal 84"" x 30""",BH36G,Sign. Ban Green:BH36G
01t2L000001mstWQAQ,"BH37 High Traffic Area - Hi Vis Green Banner Horizontal 84"" x 30""",BH37G,Sign. Ban Green:BH37G
01t2L000002Wpv4QAC,"BH38 Learning Area Arrow Pointing Left - Hi Vis Green Banner Horizontal 84"" x 30""",BH38G L,Sign. Ban Green:BH38G L
01t2L000002JlX6QAK,"BH38 Learning Area Arrow Pointing Right - Hi Vis Green Banner Horizontal 84"" x 30""",BH38G R,Sign. Ban Green:BH38G R
01t2L000002FzT9QAK,"BH39 No ATV's Allowed in Recreation Area - Hi Vis Green Banner Horizontal 84"" x 30""",BH39G,Sign. Ban Green:BH39G
01t6T0000061LwrQAE,"BH40 Slow Lift Entrance - Hi Vis Green Banner Horizontal 84"" x 30""",BH40G,Sign. Ban Green:BH40G
01t6T0000061LwuQAE,"BH41 Grooming & Winching in Progress - Hi Vis Green Banner Horizontal 84"" x 30""",BH41G,Sign. Ban Green:BH41G
01t6T000006XlBpQAK,"BH42 Closed Grooming In Progress - Hi Vis Green Banner Horizontal 84"" x 30""",BH42G,Sign. Ban Green:BH42G
01tOK000002UJ45YAG,"BH43 Winching in Progress - Hi Vis Green Banner Horizontal 84"" x 30""",BH43G,Sign. Ban Green:BH43G
01t6T0000067YX0QAM,"BH45 Snowmaking in Progress - Hi Vis Green Banner Horizontal 84"" x 30""",BH45G,Sign. Ban Green:BH45G
01tOK000006QO4rYAG,"BH46 Ski Fast Lose Pass - Hi Vis Green Banner Horizontal 84"" x 30""",BH46G,Sign. Ban Green:BH46G
01t6T0000067ZbHQAU,"BH47 Uphill Route - Hi Vis Green Banner Horizontal 84"" x 30""",BH47G,Sign. Ban Green:BH47G
01tOK000006QO4uYAG,"BH48 Family Zone Slow Skiing Only - Hi Vis Green Banner Horizontal 84"" x 30""",BH48G,Sign. Ban Green:BH48G
01tOK000006QO4xYAG,"BH49 Raise Bar Now - Hi Vis Green Banner Horizontal 84"" x 30""",BH49G,Sign. Ban Green:BH49G
01t2L000002FzTJQA0,"BH50 Please Walk Bikes - Hi Vis Green Banner Horizontal 84"" x 30""",BH50G,Sign. Ban Green:BH50G
01t2L000002FzTMQA0,"BH51 Bike Wash - Hi Vis Green Banner Horizontal  84"" x 30""",BH51G,Sign. Ban Green:BH51G
01t6T0000067fq8QAA,"BH52 Bike Entrance - Hi Vis Green Banner Horizontal 84"" x 30""",BH52G,Sign. Ban Green:BH52G
01tOK00000CelnpYAB,"BH59 Lower Bar Now - Hi Vis Green Banner Horizontal 84"" x 30""",BH59G,Sign. Ban Green:BH59G
01t2L000002FzTBQA0,"BH60 Respectez La Distanciation Physique De 2M - Hi Vis Green Banner Horizontal 84"" x 30""",BH60F G,Sign. Ban Green:BH60F G
01t2L000002FzTAQA0,"BH60 Keep Our Season Safe - Hi Vis Green Banner Horizontal 84"" x 30""",BH60G,Sign. Ban Green:BH60G
01t2L000002FzTDQA0,"BH61 Attendre ICI - Hi Vis Green Banner Horizontal 84"" x 30""",BH61F G,Sign. Ban Green:BH61F G
01t2L000002FzTCQA0,"BH61 Wait Here - Hi Vis Green Banner Horizontal 84"" x 30""",BH61G,Sign. Ban Green:BH61G
01t2L000002FzTFQA0,"BH62 Le Port Du Couvre-Visage Est Requis A La Station - Hi Vis Green Banner Horizontal 84"" x 30""",BH62F G,Sign. Ban Green:BH62F G
01t2L000002FzTEQA0,"BH62 Face Coverings Required - Hi Vis Green Banner Horizontal 84"" x 30""",BH62G,Sign. Ban Green:BH62G
01t2L000002JkUDQA0,"BH63 Masks On Now - Hi Vis Green Banner Horizontal 84"" x 30""",BH63G,Sign. Ban Green:BH63G
01t2L000002FzTGQA0,"BH64 Mandatory Mask Zone - Hi Vis Green Banner Horizontal 84"" x 30""",BH64G,Sign. Ban Green:BH64G
01t2L000002Fzk6QAC,"BH65 Face Covering Zone - Hi Vis Green Banner Horizontal 84"" x 30""",BH65G,Sign. Ban Green:BH65G
01tOK000009IBCtYAO,"BH70 Please Stay In Track - Hi Vis Green Banner Horizontal 84"" x 30""",BH70G,Sign. Ban Green:BH70G
01tOK0000075pXLYAY,"BH71 To Base Area With Arrow - Hi Vis Green Banner Horizontal 84"" x 30""",BH71G,Sign. Ban Green:BH71G
01tOK000009IBD2YAO,"BH74 Learning Area Slow Skiing Only - Hi Vis Green Banner Horizontal 84"" x 30""",BH74G,Sign. Ban Green:BH74G
01tOK0000075pXKYAY,"BH75 High Speed Kills! Slow Down - Hi Vis Green Banner Horizontal 84"" x 30""",BH75G,Sign. Ban Green:BH75G
01tOK000009IBCxYAO,"BH76 Avoid Collisions Slow Down - Hi Vis Green Banner Horizontal 84"" x 30""",BH76G,Sign. Ban Green:BH76G
01tOK00000DmPhNYAV,NONE,BH80G,Sign. Ban Green:BH80G
01t1a000001DcaIAAS,"BH99 Custom Text Hi Vis Green Banner Horizontal 84"" x 30""",BH99G,Sign. Ban Green:BH99G
01t1a000001LI8qAAG,"BL08 Family Skiing Zone - Hi Vis Green Banner Oversized 21' x 30""",BL08G,Sign. Ban Green:BL08G
01t1a000001LIAMAA4,"BL09 Lift Closed - Hi Vis Green Banner Oversized 21' x 30""",BL09G,Sign. Ban Green:BL09G
01t1a000001DcaNAAS,"BL10 Slow Zone - Hi Vis Green Banner Oversized 21' x 30""",BL10G,Sign. Ban Green:BL10G
01t1a000000WDtfAAG,"BL11 Slow Skiing Zone - Hi Vis Green Banner Oversized 21' x 30""",BL11G,Sign. Ban Green:BL11G
01t1a000001wS4SAAU,"BL12 Slow Banner with Event Fencing - Hi Vis Green Oversized 20' x 46""",BL12G 20,Sign. Ban Green:BL12G 20
01t2L000002Fvp4QAC,"BL13 Chevrons - Hi Vis Green Banner Oversized 20' x 12""",BL13G 20,Sign. Ban Green:BL13G 20
01t1a000001wQmfAAE,"BL14 No Carving Zone - Hi Vis Green Banner 21' x 30""",BL14G,Sign. Ban Green:BL14G
01t2L000001msuKQAQ,"BL15 High Traffic Area - Hi Vis Green Banner Oversized 21' x 30""",BL15G,Sign. Ban Green:BL15G
01t6T000006XlBsQAK,"BL16 Slow - Hi Vis Green Banner Oversized 20' x 12""",BL16G 20,Sign. Ban Green:BL16G 20
01tOK000009IBD5YAO,"BL17 Rest Area - Hi Vis Green Banner Oversized 21' x 30""",BL17G,Sign. Ban Green:BL17G
01t1a000001DcaSAAS,"BL99 Custom Text Hi Vis Green Banner Oversized 21' x 30""",BL99G,Sign. Ban Green:BL99G
01t2L000002JnH4QAK,Custom Hi Vis Green Banner - Custom Text and Size,BM99G,Sign. Ban Green:BM99G
01tOK00000DjnOTYAZ,Custom Medium Blue Banner - Custom Text and Size,BM99U,Sign. Ban Green:BM99U
01t1a000001DcaXAAS,"BS01 Look Left - Hi Vis Green Banner Square 30"" x 30""",BS01G L,Sign. Ban Green:BS01G L
01t1a000001DcacAAC,"BS01 Look Right - Hi Vis Green Banner Square 30"" x 30""",BS01G R,Sign. Ban Green:BS01G R
01t1a000001DcahAAC,"BS02 Caution - Hi Vis Green Banner Square 30"" x 30""",BS02G,Sign. Ban Green:BS02G
01t1a000001DcamAAC,"BS03 Merge - Hi Vis Green Banner Square 30"" x 30""",BS03G,Sign. Ban Green:BS03G
01t1a000001DcaEAAS,"BS04 Slow Area - Hi Vis Green Banner Square 30"" x 30""",BS04G,Sign. Ban Green:BS04G
01t1a000001DcarAAC,"BS05 Feature Closed - Hi Vis Green Banner Square 30"" x 30""",BS05G,Sign. Ban Green:BS05G
01t1a000001DcawAAC,"BS06 Slow Down - Hi Vis Green Banner Square 30"" x 30""",BS06G,Sign. Ban Green:BS06G
01t1a000001Dcb1AAC,"BS07 Easiest Way Down - Hi Vis Green Banner Square 30"" x 30""",BS07G,Sign. Ban Green:BS07G
01t1a000001Dcb6AAC,"BS08 Yield Trail Crossing - Hi Vis Green Banner Square 30"" x 30""",BS08G,Sign. Ban Green:BS08G
01t1a000001DcbBAAS,"BS09 Accident Scene - Hi Vis Green Banner Square 30"" x 30""",BS09G,Sign. Ban Green:BS09G
01t2L000001mssxQAA,"BS10 Race In Progress - Hi Vis Green Banner Square 30"" x 30""",BS10G,Sign. Ban Green:BS10G
01t1a000001wS4XAAU,"BS11 Trail Closed - Hi Vis Green Banner Square 30"" x 30""",BS11G,Sign. Ban Green:BS11G
01t2L000001msssQAA,"BS12 Caution Winch Grooming In Progress - Hi Vis Green Banner Square 30"" x 30""",BS12G,Sign. Ban Green:BS12G
01t2L000001mssnQAA,"BS13 No Uphill Traffic - Hi Vis Green Banner Square 30"" x 30""",BS13G,Sign. Ban Green:BS13G
01t2L000001msyMQAQ,"BS14 All Green Runs Are Slow Zones - Hi Vis Green Banner Square 30"" x 30""",BS14G,Sign. Ban Green:BS14G
01t6T0000067YWxQAM,"BS15 Snowmaking in Progress - Hi Vis Green Banner Square 30"" x 30""",BS15G,Sign. Ban Green:BS15G
01t6T0000067fpzQAA,"BS16 Not Yet! - Hi Vis Green Banner Square 30"" x 30""",BS16G,Sign. Ban Green:BS16G
01t6T0000067fq1QAA,"BS17 Raise Restraint Device - Hi Vis Green Banner Square 30"" x 30""",BS17G,Sign. Ban Green:BS17G
01t6T0000067fq4QAA,"BS18 Keep Feet Up - Hi Vis Green Banner Square 30"" x 30""",BS18G,Sign. Ban Green:BS18G
01t6T0000067fsvQAA,"BS19 Keep Tips Up - Hi Vis Green Banner Square 30"" x 30""",BS19G,Sign. Ban Green:BS19G
01t6T000006XlBjQAK,"BS22 Closed Training in Progress - Hi Vis Green Banner Square 30"" x 30""",BS22G,Sign. Ban Green:BS22G
01tOK00000Bd1VvYAJ,"BS24 Caution Narrow Trail - Hi Vis Green Banner Square 30"" x 30""",BS24G,Sign. Ban Green:BS24G
01t6T000006XlBmQAK,"BS25 Stay in Track - Hi Vis Green Banner Square 30"" x 30""",BS25G,Sign. Ban Green:BS25G
01tOK00000CelnsYAB,"BS27 Lower Restraint Device - Hi Vis Green Banner Square 30"" x 30""",BS27G,Sign. Ban Green:BS27G
01t1a000001DcbGAAS,"BS99 Custom Text Hi Vis Green Banner Square 30"" x 30""",BS99G,Sign. Ban Green:BS99G
01t1a000001DcbLAAS,"BV01 Merge - Hi Vis Green Banner Vertical 18"" x 60""",BV01G,Sign. Ban Green:BV01G
01t1a000001DcbQAAS,"BV02 Slow - Hi Vis Green Banner Vertical 18"" x 60""",BV02G,Sign. Ban Green:BV02G
01t1a000001DcbVAAS,"BV03 Closed - Hi Vis Green Banner Vertical 18"" x 60""",BV03G,Sign. Ban Green:BV03G
01t1a000001DcbaAAC,"BV04 Caution - Hi Vis Green Banner Vertical 18"" x 60""",BV04G,Sign. Ban Green:BV04G
01t1a000001DcbfAAC,"BV05 Experts Only - Hi Vis Green Banner Vertical 18"" x 60""",BV05G,Sign. Ban Green:BV05G
01t1a000001DcbkAAC,"BV06 Finish - Hi Vis Green Banner Vertical 18"" x 60""",BV06G,Sign. Ban Green:BV06G
01t1a000001DcbuAAC,"BV07 Look Left Arrow - Hi Vis Green Banner Vertical 18"" x 60""",BV07G L,Sign. Ban Green:BV07G L
01t1a000001DcbpAAC,"BV07 Look Right Arrow - Hi Vis Green Banner Vertical 18"" x 60""",BV07G R,Sign. Ban Green:BV07G R
01t1a000001DcbzAAC,"BV08 Heads Up - Hi Vis Green Banner Vertical 18"" x 60""",BV08G,Sign. Ban Green:BV08G
01t2L000001mstRQAQ,"BV09 Lift Closed - Hi Vis Green Banner Vertical 18"" x 60""",BV09G,Sign. Ban Green:BV09G
01t2L000001mstMQAQ,"BV10 No Jumping - Hi Vis Green Banner Vertical 18"" x 60""",BV10G,Sign. Ban Green:BV10G
01t2L000001mstHQAQ,"BV11 Race in Progress - Hi Vis Green Banner Vertical 18"" x 60""",BV11G,Sign. Ban Green:BV11G
01t2L000001mstCQAQ,"BV12 Start - Hi Vis Green Banner Vertical 18"" x 60""",BV12G,Sign. Ban Green:BV12G
01t2L000001mst7QAA,"BV13 Chevrons Left - Hi Vis Green Banner Vertical 18"" x 60""",BV13G L,Sign. Ban Green:BV13G L
01t2L000002JlWiQAK,"BV13 Chevrons Right - Hi Vis Green Banner Vertical 18"" x 60""",BV13G R,Sign. Ban Green:BV13G R
01t2L000002JlWmQAK,"BV14 Lodge with Left Arrow - Hi Vis Green Banner Vertical 18"" x 60""",BV14G L,Sign. Ban Green:BV14G L
01t2L000001mst2QAA,"BV14 Lodge with Right Arrow - Hi Vis Green Banner Vertical 18"" x 60""",BV14G R,Sign. Ban Green:BV14G R
01t2L000002WoE9QAK,"BV15 Easy Way - Hi Vis Green Banner Vertical 18"" x 60""",BV15G,Sign. Ban Green:BV15G
01t2L000002FyTtQAK,"BV16G Pedestrian Crossing - Hi Vis Green Banner Vertical 18"" x 60""",BV16G,Sign. Ban Green:BV16G
01t6T0000067YWtQAM,"BV17 Easier Way - Hi Vis Green Banner Vertical 18"" x 60""",BV17G,Sign. Ban Green:BV17G
01tOK00000Bd1VsYAJ,"BV18 Easiest Way - Hi Vis Green Banner Vertical 18"" x 60""",BV18G,Sign. Ban Green:BV18G
01tOK000003OEhtYAG,"BV50 Last Chair - Hi Vis Green Banner Vertical 8"" x 36""",BV50G,Sign. Ban Green:BV50G
01t1a000001Dcc4AAC,"BV99 Custom Text Hi Vis Green Banner Vertical 18"" x 60""",BV99G,Sign. Ban Green:BV99G
01tOK000009IBDAYA4,"BF10 Slow Area - Hi Vis Orange Banner Horizontal 14' x 30""",BF10,Sign. Ban Hi Vis:BF10
01tOK000009IBDDYA4,"BF11 Be Aware Ski & Ride With Care - Hi Vis Orange Banner Horizontal 14' x 30""",BF11,Sign. Ban Hi Vis:BF11
01tOK000009IBDGYA4,"BF12 Watch Speed Avoid Collisions with Others, Natural & Man-Made Objects - Hi Vis Orange Banner Horizontal 14' x 30""",BF12,Sign. Ban Hi Vis:BF12
01tOK000009IBELYA4,"BF13 Avoid Collisions Be Aware, Check Your Speed, & Be In Control - Hi Vis Orange Banner Horizontal 14' x 30""",BF13,Sign. Ban Hi Vis:BF13
01tOK000009IBEOYA4,"BF14 High Traffic Area Slow Down & Avoid Collisions - Hi Vis Orange Banner Horizontal 14' x 30""",BF14,Sign. Ban Hi Vis:BF14
01tOK00000Bd1VoYAJ,"BF15 Easiest Way Down - Hi Vis Orange Banner Horizontal 14' x 30""",BF15,Sign. Ban Hi Vis:BF15
01tOK000009IBEWYA4,"BF99 Custom Text Hi Vis Orange Banner Horizontal 14' x 30""",BF99,Sign. Ban Hi Vis:BF99
01tOK00000Dv7lFYAR,NONE,BG01,Sign. Ban Hi Vis:BG01
01tOK00000Dv7lHYAR,NONE,BG02,Sign. Ban Hi Vis:BG02
01tOK00000Dv7lJYAR,NONE,BG05,Sign. Ban Hi Vis:BG05
01t1a000000WFkJAAW,"BH01 Slow - Hi Vis Orange Banner Horizontal 84"" x 30""",BH01,Sign. Ban Hi Vis:BH01
01t1a000000WFkTAAW,"BH02 Trails Merge - Hi Vis Orange Banner Horizontal 84"" x 30""",BH02,Sign. Ban Hi Vis:BH02
01t1a000000WFkYAAW,"BH03 Caution Snowmaking in Progress - Hi Vis Orange Banner Horizontal 84"" x 30""",BH03,Sign. Ban Hi Vis:BH03
01t1a000000WFkdAAG,"BH04 Feature Closed - Hi Vis Orange Banner Horizontal 84"" x 30""",BH04,Sign. Ban Hi Vis:BH04
01t1a000000WFknAAG,"BH05 Closed - Hi Vis Orange Banner Horizontal 84"" x 30""",BH05,Sign. Ban Hi Vis:BH05
01t1a000000WFksAAG,"BH06 Race in Progress - Hi Vis Orange Banner Horizontal 84"" x 30""",BH06,Sign. Ban Hi Vis:BH06
01t1a000000WFkxAAG,"BH07 Look Left Arrow - Hi Vis Orange Banner Horizontal 84"" x 30""",BH07 L,Sign. Ban Hi Vis:BH07 L
01t1a000000WFl2AAG,"BH07 Look Right Arrow - Hi Vis Orange Banner Horizontal 84"" x 30""",BH07 R,Sign. Ban Hi Vis:BH07 R
01t1a000000WFl7AAG,"BH09 Caution - Hi Vis Orange Banner Horizontal 84"" x 30""",BH09,Sign. Ban Hi Vis:BH09
01t1a000000WFlCAAW,"BH10 Caution Congested Area - Hi Vis Orange Banner Horizontal 84"" x 30""",BH10,Sign. Ban Hi Vis:BH10
01t1a000000WFlHAAW,"BH11 Lower Restraining Device - Hi Vis Orange Banner Horizontal 84"" x 30""",BH11,Sign. Ban Hi Vis:BH11
01t1a000000WFlMAAW,"BH12 Closed Passes/Tickets Revoked - Hi Vis Orange Banner Horizontal 84"" x 30""",BH12,Sign. Ban Hi Vis:BH12
01t1a000001Sy2uAAC,"BH13 No Jumping - Hi Vis Orange Banner Horizontal 84"" x 30""",BH13,Sign. Ban Hi Vis:BH13
01t1a000001SxAvAAK,"BH14 Lift Closed - Hi Vis Orange Banner Horizontal 84"" x 30""",BH14,Sign. Ban Hi Vis:BH14
01t1a000001LIARAA4,"BH15 Caution Intersection - Hi Vis Orange Banner Horizontal 84"" x 30""",BH15,Sign. Ban Hi Vis:BH15
01t1a000001LIAWAA4,"BH16 No Sledding - Hi Vis Orange Banner Horizontal 84"" x 30""",BH16,Sign. Ban Hi Vis:BH16
01t1a000001T62eAAC,"BH17 Training in Progress - Hi Vis Orange Banner Horizontal 84"" x 30""",BH17,Sign. Ban Hi Vis:BH17
01t1a000001LIAbAAO,"BH18 Slow Skiing Zone - Hi Vis Orange Banner Horizontal 84"" x 30""",BH18,Sign. Ban Hi Vis:BH18
01t1a000001LIAgAAO,"BH19 Snowmobile Lane - Hi Vis Orange Banner Horizontal 84"" x 30""",BH19,Sign. Ban Hi Vis:BH19
01t1a000001LIAlAAO,"BH20 Chevrons Facing Right or Left - Hi Vis Orange Banner Horizontal 84"" x 30""",BH20,Sign. Ban Hi Vis:BH20
01t1a000001LIAqAAO,"BH21 Rest Area - Hi Vis Orange Banner Horizontal 84"" x 30""",BH21,Sign. Ban Hi Vis:BH21
01t1a000001rQxkAAE,"BH22 Caution Unmarked Obstacles - Hi Vis Orange Banner Horizontal 84"" x 30""",BH22,Sign. Ban Hi Vis:BH22
01t1a000001wNW8AAM,"BH23 Slow - Trails Merge - Hi Vis Orange Banner Horizontal 84"" x 30""",BH23,Sign. Ban Hi Vis:BH23
01t1a000001wNWDAA2,"BH24 Caution Trail Crossings - Hi Vis Orange Banner Horizontal 84"" x 30""",BH24,Sign. Ban Hi Vis:BH24
01t1a000001wNWIAA2,"BH25 Most Difficult Terrain - Hi Vis Orange Banner Horizontal 84"" x 30""",BH25,Sign. Ban Hi Vis:BH25
01t1a000001wNWSAA2,"BH26 Best Way Down Left Arrows - Hi Vis Orange Banner Horizontal 84"" x 30""",BH26 L,Sign. Ban Hi Vis:BH26 L
01t1a000001wNWNAA2,"BH26 Best Way Down Right Arrows - Hi Vis Orange Banner Horizontal 84"" x 30""",BH26 R,Sign. Ban Hi Vis:BH26 R
01t6T0000067YWhQAM,"BH27 Easier Way Down - Hi Vis Orange Banner Horizontal 84"" x 30""",BH27,Sign. Ban Hi Vis:BH27
01t2L000001mqKXQAY,"BH28 Easiest Way Down Arrow Pointing Left - Hi Vis Orange Banner Horizontal 84"" x 30""",BH28 L,Sign. Ban Hi Vis:BH28 L
01t2L000002JlWrQAK,"BH28 Easiest Way Down Arrow Pointing Right - Hi Vis Orange Banner Horizontal 84"" x 30""",BH28 R,Sign. Ban Hi Vis:BH28 R
01t2L000001mqKSQAY,"BH29 Walking Access Only - Hi Vis Orange Banner Horizontal 84"" x 30""",BH29,Sign. Ban Hi Vis:BH29
01t2L000001mqKNQAY,"BH30 Raise Your Safety Bar Here - Hi Vis Orange Banner Horizontal 84"" x 30""",BH30,Sign. Ban Hi Vis:BH30
01t2L000001mqKIQAY,"BH31 Raise Bar Here - Hi Vis Orange Banner Horizontal 84"" x 30""",BH31,Sign. Ban Hi Vis:BH31
01t2L000001mmmeQAA,"BH32 Event in Progress - Hi Vis Orange Banner Horizontal 84"" x 30""",BH32,Sign. Ban Hi Vis:BH32
01t2L000001mqJuQAI,"BH33 Slow Beginner Area - Hi Vis Orange Banner Horizontal 84"" x 30""",BH33,Sign. Ban Hi Vis:BH33
01t2L000001msrNQAQ,"BH34 Moguls - Hi Vis Orange Banner Horizontal 84"" x 30""",BH34,Sign. Ban Hi Vis:BH34
01t2L000002JlWwQAK,"BH35 Après Ski Arrow Pointing Left - Hi Vis Orange Banner Horizontal 84"" x 30""",BH35 L,Sign. Ban Hi Vis:BH35 L
01t2L000001msrIQAQ,"BH35 Après Ski Arrow Pointing Right - Hi Vis Orange Banner Horizontal 84"" x 30""",BH35 R,Sign. Ban Hi Vis:BH35 R
01t2L000001msuLQAQ,"BH36 Park Exit Entering Slow Zone - Hi Vis Orange Banner Horizontal 84"" x 30""",BH36,Sign. Ban Hi Vis:BH36
01t2L000001msv3QAA,"BH37 High Traffic Area - Hi Vis Orange Banner Horizontal 84"" x 30""",BH37,Sign. Ban Hi Vis:BH37
01t2L000002Wpv9QAC,"BH38 Learning Area Arrow Pointing Left - Hi Vis Orange Banner Horizontal 84"" x 30""",BH38 L,Sign. Ban Hi Vis:BH38 L
01t2L000002JlX1QAK,"BH38 Learning Area Arrow Pointing Right - Hi Vis Orange Banner Horizontal 84"" x 30""",BH38 R,Sign. Ban Hi Vis:BH38 R
01t2L000002FzT7QAK,"BH39 No ATV's Allowed in Recreation Area - Hi Vis Orange Banner Horizontal 84"" x 30""",BH39,Sign. Ban Hi Vis:BH39
01t6T0000061LwsQAE,"BH40 Slow Lift Entrance - Hi Vis Orange Banner Horizontal 84"" x 30""",BH40,Sign. Ban Hi Vis:BH40
01t6T0000061LwvQAE,"BH41 Grooming & Winching in Progress - Hi Vis Orange Banner Horizontal 84"" x 30""",BH41,Sign. Ban Hi Vis:BH41
01t6T000006XlBqQAK,"BH42 Closed Grooming In Progress - Hi Vis Orange Banner Horizontal 84"" x 30""",BH42,Sign. Ban Hi Vis:BH42
01tOK000002UJ46YAG,"BH43 Winching in Progress - Hi Vis Orange Banner Horizontal 84"" x 30""",BH43,Sign. Ban Hi Vis:BH43
01t6T0000067YWzQAM,"BH45 Snowmaking in Progress - Hi Vis Orange Banner Horizontal 84"" x 30""",BH45,Sign. Ban Hi Vis:BH45
01tOK000006QO4sYAG,"BH46 Ski Fast Lose Pass - Hi Vis Orange Banner Horizontal 84"" x 30""",BH46,Sign. Ban Hi Vis:BH46
01t6T0000067ZbGQAU,"BH47 Uphill Route - Hi Vis Orange Banner Horizontal 84"" x 30""",BH47,Sign. Ban Hi Vis:BH47
01tOK000006QO4vYAG,"BH48 Family Zone Slow Skiing Only - Hi Vis Orange Banner Horizontal 84"" x 30""",BH48,Sign. Ban Hi Vis:BH48
01tOK000006QO4yYAG,"BH49 Raise Bar Now - Hi Vis Orange Banner Horizontal 84"" x 30""",BH49,Sign. Ban Hi Vis:BH49
01t2L000002FzTHQA0,"BH50 Please Walk Bikes - Hi Vis Orange Banner Horizontal 84"" x 30""",BH50,Sign. Ban Hi Vis:BH50
01t2L000002FzTLQA0,"BH51 Bike Wash - Hi Vis Orange Banner Horizontal 84"" x 30""",BH51,Sign. Ban Hi Vis:BH51
01t6T0000067fq9QAA,"BH52 Bike Entrance - Hi Vis Orange Banner Horizontal 84"" x 30""",BH52,Sign. Ban Hi Vis:BH52
01tOK00000CelnoYAB,"BH59 Lower Bar Now - Hi Vis Orange Banner Horizontal 84"" x 30""",BH59,Sign. Ban Hi Vis:BH59
01t2L000002WqZ0QAK,"BH60 Keep Our Season Safe - Hi Vis Orange Banner Horizontal 84"" x 30""",BH60,Sign. Ban Hi Vis:BH60
01t2L000002WqYqQAK,"BH60 Respectez La Distanciation Physique De 2M - Hi Vis Orange Banner Horizontal 84"" x 30""",BH60F,Sign. Ban Hi Vis:BH60F
01t2L000002WqZKQA0,"BH61 Wait Here - Hi Vis Orange Banner Horizontal 84"" x 30""",BH61,Sign. Ban Hi Vis:BH61
01t2L000002WqZAQA0,"BH61 Attendre Ici - Hi Vis Orange Banner Horizontal 84"" x 30""",BH61F,Sign. Ban Hi Vis:BH61F
01t2L000002WqZ1QAK,"BH62 Face Coverings Required - Hi Vis Orange Banner Horizontal 84"" x 30""",BH62,Sign. Ban Hi Vis:BH62
01t2L000002WqZUQA0,"BH62 Le Port Du Couvre-Visage Est Requis A La Station - Hi Vis Orange Banner Horizontal 84"" x 30""",BH62F,Sign. Ban Hi Vis:BH62F
01t2L000002WqZjQAK,"BH63 Masks On Now - Hi Vis Orange Banner Horizontal 84"" x 30""",BH63,Sign. Ban Hi Vis:BH63
01t2L000002WqioQAC,"BH64 Mandatory Mask Zone - Hi Vis Orange Banner Horizontal 84"" x 30""",BH64,Sign. Ban Hi Vis:BH64
01t2L000002Fuz9QAC,"BH65 Face Covering Zone - Hi Vis Orange Banner Horizontal 84"" x 30""",BH65,Sign. Ban Hi Vis:BH65
01tOK000009IBCuYAO,"BH70 Please Stay In Track - Hi Vis Orange Banner Horizontal 84"" x 30""",BH70,Sign. Ban Hi Vis:BH70
01tOK0000075pXMYAY,"BH71 To Base Area With Arrow - Hi Vis Orange Banner Horizontal 84"" x 30""",BH71,Sign. Ban Hi Vis:BH71
01tOK000009IBD3YAO,"BH74 Learning Area Slow Skiing Only - Hi Vis Orange Banner Horizontal 84"" x 30""",BH74,Sign. Ban Hi Vis:BH74
01tOK0000075nbxYAA,"BH75 High Speed Kills! Slow Down - Hi Vis Orange Banner Horizontal 84"" x 30""",BH75,Sign. Ban Hi Vis:BH75
01tOK000009IBCyYAO,"BH76 Avoid Collisions Slow Down - Hi Vis Orange Banner Horizontal 84"" x 30""",BH76,Sign. Ban Hi Vis:BH76
01tOK00000CelniYAB,"BH80 Raise Bar Here - Hi Vis Orange Banner Horizontal 84"" x 30""",BH80,Sign. Ban Hi Vis:BH80
01tOK00000CelnkYAB,"BH81 Lower Bar Here - Hi Vis Orange Banner Horizontal 84"" x 30""",BH81,Sign. Ban Hi Vis:BH81
01tOK00000CelnmYAB,"BH82 Keep Bar Down - Hi Vis Orange Banner Horizontal 84"" x 30""",BH82,Sign. Ban Hi Vis:BH82
01t1a000000WFlRAAW,"BH99 Custom Text Hi Vis Orange Banner Horizontal 84"" x 30""",BH99,Sign. Ban Hi Vis:BH99
01t1a000000sZ8RAAU,"BH99 Custom Text Hi Vis Orange Banner Oversized 120"" x 48""",BH99 Oversized,Sign. Ban Hi Vis:BH99 Oversized
01t1a000001LIA3AAO,"BL08 Family Skiing Zone - Hi Vis Orange Banner Oversized 21' x 30""",BL08,Sign. Ban Hi Vis:BL08
01t1a000001LIAvAAO,"BL09 Lift Closed - Hi Vis Orange Banner Oversized 21' x 30""",BL09,Sign. Ban Hi Vis:BL09
01t1a000000WFvvAAG,"BL10 Slow Zone - Hi Vis Orange Banner Oversized 21' x 30""",BL10,Sign. Ban Hi Vis:BL10
01t1a000000WFw0AAG,"BL11 Slow Skiing Zone - Hi Vis Orange Banner Oversized 21' x 30""",BL11,Sign. Ban Hi Vis:BL11
01t1a000000WFlgAAG,"BL12 Slow Banner with Event Fencing - Hi Vis Orange Oversized 20' x 46""",BL12 20,Sign. Ban Hi Vis:BL12 20
01t1a000000WEYsAAO,"BL12 Slow Banner with Event Fencing - Hi Vis Orange Oversized 30' x 46""",BL12 30,Sign. Ban Hi Vis:BL12 30
01t1a000000WEyMAAW,"BL12 Slow Banner with Event Fencing - Hi Vis Orange Oversized 40' x 46""",BL12 40,Sign. Ban Hi Vis:BL12 40
01t1a000001wNWXAA2,"BL13 Chevrons - Hi Vis Orange Banner Oversized 20' x 12""",BL13 20,Sign. Ban Hi Vis:BL13 20
01t1a000001wQmuAAE,"BL14 No Carving Zone - Hi Vis Orange Banner 21' x 30""",BL14,Sign. Ban Hi Vis:BL14
01t2L000001msuyQAA,"BL15 High Traffic Area - Hi Vis Orange Banner Oversized 21' x 30""",BL15,Sign. Ban Hi Vis:BL15
01t6T000006XlBtQAK,"BL16 Slow - Hi Vis Orange Banner Oversized 20' x 12""",BL16 20,Sign. Ban Hi Vis:BL16 20
01tOK000009IBD6YAO,"BL17 Rest Area - Hi Vis Orange Banner Oversized 21' x 30""",BL17,Sign. Ban Hi Vis:BL17
01tOK00000CelnyYAB,"BL18 Avoid Collisions - Hi Vis Orange Banner Oversized 21' x 30""",BL18,Sign. Ban Hi Vis:BL18
01tOK00000Celo0YAB,"BL19 Slow Down - Hi Vis Orange Banner Oversized 21' x 30""",BL19,Sign. Ban Hi Vis:BL19
01t1a000000WFlqAAG,"BL99 Custom Text Hi Vis Orange Banner Oversized 21' x 30""",BL99,Sign. Ban Hi Vis:BL99
01t2L000002JnH9QAK,Custom Text & Size Hi Vis Orange Banner,BM99O,Sign. Ban Hi Vis:BM99O
01t1a000001QHGTAA4,Custom Colour & Size Mesh Banners,BN 911,Sign. Ban Hi Vis:BN 911
01t1a000000WFw5AAG,"BS01 Look Left - Hi Vis Orange Banner Square 30"" x 30""",BS01 L,Sign. Ban Hi Vis:BS01 L
01t1a000000WFwAAAW,"BS01 Look Right - Hi Vis Orange Banner Square 30"" x 30""",BS01 R,Sign. Ban Hi Vis:BS01 R
01t1a000000WFm0AAG,"BS02 Caution -  Hi Vis Orange Banner Square 30"" x 30""",BS02,Sign. Ban Hi Vis:BS02
01t1a000000WFm5AAG,"BS03 Merge - Hi Vis Orange Banner Square 30"" x 30""",BS03,Sign. Ban Hi Vis:BS03
01t1a000000WFmAAAW,"BS04 Slow Area - Hi Vis Orange Banner Square 30"" x 30""",BS04,Sign. Ban Hi Vis:BS04
01t1a000000WFmFAAW,"BS05 Feature Closed - Hi Vis Orange Banner Square 30"" x 30""",BS05,Sign. Ban Hi Vis:BS05
01t1a000000WFmPAAW,"BS06 Slow Down - Hi Vis Orange Banner Square 30"" x 30""",BS06,Sign. Ban Hi Vis:BS06
01t1a000000WFmUAAW,"BS07 Easiest Way Down - Hi Vis Orange Banner Square 30"" x 30""",BS07,Sign. Ban Hi Vis:BS07
01t1a000000WFmZAAW,"BS08 Yield Trail Crossing - Hi Vis Orange Banner Square 30"" x 30""",BS08,Sign. Ban Hi Vis:BS08
01t1a000000WFwFAAW,"BS09 Accident Scene - Hi Vis Orange Banner Square 30"" x 30""",BS09,Sign. Ban Hi Vis:BS09
01t1a000001wS4cAAE,"BS09 Accident Scene - Red Vinyl Banner Square 30"" x 30""",BS09R,Sign. Ban Hi Vis:BS09R
01t1a000001wNWcAAM,"BS10 Race In Progress - Hi Vis Orange Banner Square 30"" x 30""",BS10,Sign. Ban Hi Vis:BS10
01t1a000001wNWhAAM,"BS11 Trail Closed - Hi Vis Orange Banner Square 30"" x 30""",BS11,Sign. Ban Hi Vis:BS11
01t2L000001msuUQAQ,"BS12 Caution Winch Grooming In Progress - Hi Vis Orange Banner Square 30"" x 30""",BS12,Sign. Ban Hi Vis:BS12
01t2L000001msuPQAQ,"BS13 No Uphill Traffic - Hi Vis Orange Banner Square 30"" x 30""",BS13,Sign. Ban Hi Vis:BS13
01t2L000001msyRQAQ,"BS14 All Green Runs Are Slow Zones - Hi Vis Orange Banner Square 30"" x 30""",BS14,Sign. Ban Hi Vis:BS14
01t6T0000067YWwQAM,"BS15 Snowmaking in Progress - Hi Vis Orange Banner Square 30"" x 30""",BS15,Sign. Ban Hi Vis:BS15
01t6T0000067fpyQAA,"BS16 Not Yet! - Hi Vis Orange Banner Square 30"" x 30""",BS16,Sign. Ban Hi Vis:BS16
01t6T0000067fq2QAA,"BS17 Raise Restraint Device - Hi Vis Orange Banner Square 30"" x 30""",BS17,Sign. Ban Hi Vis:BS17
01t6T0000067fq5QAA,"BS18 Keep Feet Up - Hi Vis Orange Banner Square 30"" x 30""",BS18,Sign. Ban Hi Vis:BS18
01t6T0000067fswQAA,"BS19 Keep Tips Up - Hi Vis Orange Banner Square 30"" x 30""",BS19,Sign. Ban Hi Vis:BS19
01t6T000006XlBkQAK,"BS22 Closed Training in Progress - Hi Vis Orange Banner Square 30"" x 30""",BS22,Sign. Ban Hi Vis:BS22
01tOK00000Bd1VwYAJ,"BS24 Caution Narrow Trail - Hi Vis Orange Banner Square 30"" x 30""",BS24,Sign. Ban Hi Vis:BS24
01t6T000006XlBnQAK,"BS25 Stay in Track - Hi Vis Orange Banner Square 30"" x 30""",BS25,Sign. Ban Hi Vis:BS25
01tOK00000CelnrYAB,"BS27 Lower Restraint Device - Hi Vis Orange Banner Square 30"" x 30""",BS27,Sign. Ban Hi Vis:BS27
01t1a000000WFmeAAG,"BS99 Custom Text Hi Vis Orange Banner Square 30"" x 30""",BS99,Sign. Ban Hi Vis:BS99
01t1a000000WFmjAAG,"BV01 Merge - Hi Vis Orange Banner Vertical 18"" x 60""",BV01,Sign. Ban Hi Vis:BV01
01t1a000000WFmtAAG,"BV02 Slow - Hi Vis Orange Banner Vertical 18"" x 60""",BV02,Sign. Ban Hi Vis:BV02
01t1a000000WFmyAAG,"BV03 Closed - Hi Vis Orange Banner Vertical 18"" x 60""",BV03,Sign. Ban Hi Vis:BV03
01t1a000000WFn3AAG,"BV04 Caution - Hi Vis Orange Banner Vertical 18"" x 60""",BV04,Sign. Ban Hi Vis:BV04
01t1a000000WFnDAAW,"BV05 Experts Only - Hi Vis Orange Banner Vertical 18"" x 60""",BV05,Sign. Ban Hi Vis:BV05
01t1a000000WFnIAAW,"BV06 Finish - Hi Vis Orange Banner Vertical 18"" x 60""",BV06,Sign. Ban Hi Vis:BV06
01t1a000000WFnNAAW,"BV07 Look Left Arrow - Hi Vis Orange Banner Vertical 18"" x 60""",BV07 L,Sign. Ban Hi Vis:BV07 L
01t1a000000WFnSAAW,"BV07 Look Right Arrow - Hi Vis Orange Banner Vertical 18"" x 60""",BV07 R,Sign. Ban Hi Vis:BV07 R
01t1a000000WEylAAG,"BV08 Heads Up - Hi Vis Orange Banner Vertical 18"" x 60""",BV08,Sign. Ban Hi Vis:BV08
01t2L000001msslQAA,"BV09 Lift Closed - Hi Vis Orange Banner Vertical 18"" x 60""",BV09,Sign. Ban Hi Vis:BV09
01t2L000001msutQAA,"BV10 No Jumping - Hi Vis Orange Banner Vertical 18"" x 60""",BV10,Sign. Ban Hi Vis:BV10
01t2L000001msuoQAA,"BV11 Race in Progress - Hi Vis Orange Banner Vertical 18"" x 60""",BV11,Sign. Ban Hi Vis:BV11
01t2L000001msujQAA,"BV12 Start - Hi Vis Orange Banner Vertical 18"" x 60""",BV12,Sign. Ban Hi Vis:BV12
01t2L000001msueQAA,"BV13 Chevrons Left - Hi Vis Orange Banner Vertical 18"" x 60""",BV13 L,Sign. Ban Hi Vis:BV13 L
01t2L000002JkU3QAK,"BV13 Chevrons Right - Hi Vis Orange Banner Vertical 18"" x 60""",BV13 R,Sign. Ban Hi Vis:BV13 R
01t2L000002JlXBQA0,"BV14 Lodge with Left Arrow - Hi Vis Orange Banner Vertical 18"" x 60""",BV14 L,Sign. Ban Hi Vis:BV14 L
01t2L000001msuZQAQ,"BV14 Lodge with Right Arrow - Hi Vis Orange Banner Vertical 18"" x 60""",BV14 R,Sign. Ban Hi Vis:BV14 R
01t2L000002WoEEQA0,"BV15 Easy Way - Hi Vis Orange Banner Vertical 18"" x 60""",BV15,Sign. Ban Hi Vis:BV15
01t2L000002FyTsQAK,"BV16 Pedestrian Crossing - Hi Vis Orange Banner Vertical 18"" x 60""",BV16,Sign. Ban Hi Vis:BV16
01t6T0000067YWrQAM,"BV17 Easier Way - Hi Vis Orange Banner Vertical 18"" x 60""",BV17,Sign. Ban Hi Vis:BV17
01tOK00000Bd1VtYAJ,"BV18 Easiest Way - Hi Vis Orange Banner Vertical 18"" x 60""",BV18,Sign. Ban Hi Vis:BV18
01tOK000003OEhsYAG,"BV50 Last Chair - Hi Vis Orange Banner Vertical 8"" x 36""",BV50,Sign. Ban Hi Vis:BV50
01t1a000000WFnXAAW,"BV99 Custom Text Hi Vis Orange Banner Vertical 18"" x 60""",BV99,Sign. Ban Hi Vis:BV99
01t1a000001Qb0iAAC,"FEVZ-900 Slow Zone Screened Orange Event Fence 150' x 46""",FEVZ-900,Sign. Ban Hi Vis:FEVZ-900
01tOK00000Bd1VqYAJ,"BF15 Easiest Way Down - Medium Blue Banner Horizontal 14' x 30""",BF15U,Sign. Ban Medium Blue:BF15U
01tOK000009IBEXYA4,"BF99 Custom Text Medium Blue Banner Horizontal 14' x 30""",BF99U,Sign. Ban Medium Blue:BF99U
01tOK000009IBD1YAO,"BH21 Rest Area - Medium Blue Banner Horizontal 84"" x 30""",BH21U,Sign. Ban Medium Blue:BH21U
01t6T0000067YWgQAM,"BH26 Best Way Down Left Arrows - Medium Blue Banner Horizontal 84"" x 30""",BH26U L,Sign. Ban Medium Blue:BH26U L
01t6T0000067YWfQAM,"BH26 Best Way Down Right Arrows - Medium Blue Banner Horizontal 84"" x 30""",BH26U R,Sign. Ban Medium Blue:BH26U R
01t6T0000067YWkQAM,"BH27 Easier Way Down - Medium Blue Banner Horizontal 84"" x 30""",BH27U,Sign. Ban Medium Blue:BH27U
01t6T0000067YWdQAM,"BH28 Easiest Way Down Arrow Pointing Left - Medium Blue Banner Horizontal 84"" x 30""",BH28U L,Sign. Ban Medium Blue:BH28U L
01t6T0000067YWeQAM,"BH28 Easiest Way Down Arrow Pointing Right - Medium Blue Banner Horizontal 84"" x 30""",BH28U R,Sign. Ban Medium Blue:BH28U R
01t6T0000067fqAQAQ,"BH52 Bike Entrance - Medium Blue Banner Horizontal 84"" x 30""",BH52U,Sign. Ban Medium Blue:BH52U
01tOK000009IBCwYAO,"BH70 Please Stay In Track - Medium Blue Banner Horizontal 84"" x 30""",BH70U,Sign. Ban Medium Blue:BH70U
01tOK0000075pXOYAY,"BH71 To Base Area With Arrow - Medium Blue Banner Horizontal 84"" x 30""",BH71U,Sign. Ban Medium Blue:BH71U
01tOK000009IBCzYAO,"BH76 Avoid Collisions Slow Down - Medium Blue Banner Horizontal 84"" x 30""",BH76U,Sign. Ban Medium Blue:BH76U
01t6T0000067doBQAQ,"BH99 Custom Text Medium Blue Banner Horizontal 84"" x 30""",BH99U,Sign. Ban Medium Blue:BH99U
01tOK000009IBD8YAO,"BL17 Rest Area - Medium Blue Banner Oversized 21' x 30""",BL17U,Sign. Ban Medium Blue:BL17U
01t6T0000067dnPQAQ,"BL99 Custom Text Medium Blue Banner Oversized 21' x 30""",BL99U,Sign. Ban Medium Blue:BL99U
01tOK000007cWqrYAE,"BS03 Merge - Medium Blue Banner Square 30"" x 30""",BS03U,Sign. Ban Medium Blue:BS03U
01t6T0000067YWbQAM,"BS07 Easiest Way Down - Medium Blue Banner Square 30"" x 30""",BS07U,Sign. Ban Medium Blue:BS07U
01t6T000006vz7tQAA,"BS10 Race In Progress - Medium Blue Banner Square 30"" x 30""",BS10U,Sign. Ban Medium Blue:BS10U
01t6T000006XnWNQA0,"BS16 Not Yet! - Medium Blue Banner Square 30"" x 30""",BS16U,Sign. Ban Medium Blue:BS16U
01t6T000006XnWOQA0,"BS17 Raise Restraint Device - Medium Blue Banner Square 30"" x 30""",BS17U,Sign. Ban Medium Blue:BS17U
01t6T0000067fq6QAA,"BS18 Keep Feet Up - Medium Blue Banner Square 30"" x 30""",BS18U,Sign. Ban Medium Blue:BS18U
01t6T0000067fsxQAA,"BS19 Keep Tips Up - Medium Blue Banner Square 30"" x 30""",BS19U,Sign. Ban Medium Blue:BS19U
01t6T0000067doCQAQ,"BS99 Custom Text Medium Blue Banner Square 30"" x 30""",BS99U,Sign. Ban Medium Blue:BS99U
01t6T0000067YWcQAM,"BV15 Easy Way - Medium Blue Banner Vertical 18"" x 60""",BV15U,Sign. Ban Medium Blue:BV15U
01t6T0000067YWsQAM,"BV17 Easier Way - Medium Blue Banner Vertical 18"" x 60""",BV17U,Sign. Ban Medium Blue:BV17U
01tOK00000Bd1VuYAJ,"BV18 Easiest Way - Medium Blue Banner Vertical 18"" x 60""",BV18U,Sign. Ban Medium Blue:BV18U
01tOK0000085w8PYAQ,"BV50 Last Chair - Medium Blue Banner Vertical 8"" x 36""",BV50U,Sign. Ban Medium Blue:BV50U
01t6T0000067doqQAA,"BV99 Custom Text Medium Blue Banner Vertical 18"" x 60""",BV99U,Sign. Ban Medium Blue:BV99U
01t2L000001mn5aQAA,"BC21 Mesh Banners Yellow 2m x 1m (78' x 39"")",BC21Y,Sign. Ban Yellow:BC21Y
01t2L000001mn5VQAQ,"BC61 Mesh Banners Yellow 6m x 1m (20' x 46"")",BC61Y,Sign. Ban Yellow:BC61Y
01t2L000001mn5fQAA,BC99 Custom Size Mesh Banners with Reinforced Grosgrain Hems - Yellow with Black Screening,BC99Y,Sign. Ban Yellow:BC99Y
01tOK000009IBDBYA4,"BF10 Slow Area - Yellow Banner Horizontal 14' x 30""",BF10Y,Sign. Ban Yellow:BF10Y
01tOK000009IBDEYA4,"BF11 Be Aware Ski & Ride With Care - Yellow Banner Horizontal 14' x 30""",BF11Y,Sign. Ban Yellow:BF11Y
01tOK000009IBDHYA4,"BF12 Watch Speed Avoid Collisions with Others, Natural & Man-Made Objects - Yellow Banner Horizontal 14' x 30""",BF12Y,Sign. Ban Yellow:BF12Y
01tOK000009IBEMYA4,"BF13 Avoid Collisions Be Aware, Check Your Speed, & Be In Control - Yellow Banner Horizontal 14' x 30""",BF13Y,Sign. Ban Yellow:BF13Y
01tOK000009IBEPYA4,"BF14 High Traffic Area Slow Down & Avoid Collisions - Yellow Banner Horizontal 14' x 30""",BF14Y,Sign. Ban Yellow:BF14Y
01tOK00000Bd1VpYAJ,"BF15 Easiest Way Down - Yellow Banner Horizontal 14' x 30""",BF15Y,Sign. Ban Yellow:BF15Y
01tOK000009IBEYYA4,"BF99 Custom Text Yellow Banner Horizontal 14' x 30""",BF99Y,Sign. Ban Yellow:BF99Y
01tOK00000Dv7lGYAR,NONE,BG01Y,Sign. Ban Yellow:BG01Y
01tOK00000Dv7lIYAR,NONE,BG02Y,Sign. Ban Yellow:BG02Y
01tOK00000Dv7lKYAR,NONE,BG05Y,Sign. Ban Yellow:BG05Y
01t1a000000WFkOAAW,"BH01 Slow - Yellow Banner Horizontal 84"" x 30""",BH01Y,Sign. Ban Yellow:BH01Y
01t1a000001DcXEAA0,"BH02 Trails Merge - Yellow Banner Horizontal 84"" x 30""",BH02Y,Sign. Ban Yellow:BH02Y
01t1a000001DcXJAA0,"BH03 Caution Snowmaking in Progress - Yellow Banner Horizontal 84"" x 30""",BH03Y,Sign. Ban Yellow:BH03Y
01t1a000000WFkiAAG,"BH04 Feature Closed - Yellow Banner Horizontal 84"" x 30""",BH04Y,Sign. Ban Yellow:BH04Y
01t1a000000WDtVAAW,"BH05 Closed - Yellow Banner Horizontal 84"" x 30""",BH05Y,Sign. Ban Yellow:BH05Y
01t1a000001DcXOAA0,"BH06 Race in Progress - Yellow Banner Horizontal 84"" x 30""",BH06Y,Sign. Ban Yellow:BH06Y
01t1a000000WEYdAAO,"BH07 Look Left Arrow - Yellow Banner Horizontal 84"" x 30""",BH07Y L,Sign. Ban Yellow:BH07Y L
01t1a000000WEYYAA4,"BH07 Look Right Arrow - Yellow Banner Horizontal 84"" x 30""",BH07Y R,Sign. Ban Yellow:BH07Y R
01t1a000000WEYiAAO,"BH09 Caution - Yellow Banner Horizontal 84"" x 30""",BH09Y,Sign. Ban Yellow:BH09Y
01t1a000000WEYnAAO,"BH10 Caution Congested Area - Yellow Banner Horizontal 84"" x 30""",BH10Y,Sign. Ban Yellow:BH10Y
01t1a000000WDtaAAG,"BH11 Lower Restraining Device - Yellow Banner Horizontal 84"" x 30""",BH11Y,Sign. Ban Yellow:BH11Y
01t1a000000WEy7AAG,"BH12 Closed Passes/Tickets Revoked - Yellow Banner Horizontal 84"" x 30""",BH12Y,Sign. Ban Yellow:BH12Y
01t1a000001LIB0AAO,"BH13 No Jumping - Yellow Banner Horizontal 84"" x 30""",BH13Y,Sign. Ban Yellow:BH13Y
01t1a000001LIB5AAO,"BH14 Lift Closed - Yellow Banner Horizontal 84"" x 30""",BH14Y,Sign. Ban Yellow:BH14Y
01t1a000001LIBAAA4,"BH15 Caution Intersection - Yellow Banner Horizontal 84"" x 30""",BH15Y,Sign. Ban Yellow:BH15Y
01t1a000001LIBFAA4,"BH16 No Sledding - Yellow Banner Horizontal 84"" x 30""",BH16Y,Sign. Ban Yellow:BH16Y
01t1a000001LIBKAA4,"BH17 Training in Progress - Yellow Banner Horizontal 84"" x 30""",BH17Y,Sign. Ban Yellow:BH17Y
01t1a000001LIBPAA4,"BH18 Slow Skiing Zone - Yellow Banner Horizontal 84"" x 30""",BH18Y,Sign. Ban Yellow:BH18Y
01t1a000001LIBUAA4,"BH19 Snowmobile Lane - Yellow Banner Horizontal 84"" x 30""",BH19Y,Sign. Ban Yellow:BH19Y
01t1a000001LIBZAA4,"BH20 Chevrons Facing Right or Left - Yellow Banner Horizontal 84"" x 30""",BH20Y,Sign. Ban Yellow:BH20Y
01t1a000001LIBeAAO,"BH21 Rest Area - Yellow Banner Horizontal 84"" x 30""",BH21Y,Sign. Ban Yellow:BH21Y
01t1a000001wS4rAAE,"BH22 Caution Unmarked Obstacles - Yellow Banner Horizontal 84"" x 30""",BH22Y,Sign. Ban Yellow:BH22Y
01t1a000001wQn9AAE,"BH23 Slow - Trails Merge - Yellow Banner Horizontal 84"" x 30""",BH23Y,Sign. Ban Yellow:BH23Y
01t1a000001wQn4AAE,"BH24 Caution Trail Crossings - Yellow Banner Horizontal 84"" x 30""",BH24Y,Sign. Ban Yellow:BH24Y
01t1a000001wQmzAAE,"BH25 Most Difficult Terrain - Yellow Banner Horizontal 84"" x 30""",BH25Y,Sign. Ban Yellow:BH25Y
01t1a000001wS4hAAE,"BH26 Best Way Down Left Arrows - Yellow Banner Horizontal 84"" x 30""",BH26Y L,Sign. Ban Yellow:BH26Y L
01t1a000001wS4mAAE,"BH26 Best Way Down Right Arrows - Yellow Banner Horizontal 84"" x 30""",BH26Y R,Sign. Ban Yellow:BH26Y R
01t6T0000067YWjQAM,"BH27 Easier Way Down - Yellow Banner Horizontal 84"" x 30""",BH27Y,Sign. Ban Yellow:BH27Y
01t2L000001mswGQAQ,"BH28 Easiest Way Down Arrow Pointing Left - Yellow Banner Horizontal 84"" x 30""",BH28Y L,Sign. Ban Yellow:BH28Y L
01t2L000002JlXGQA0,"BH28 Easiest Way Down Arrow Pointing Right - Yellow Banner Horizontal 84"" x 30""",BH28Y R,Sign. Ban Yellow:BH28Y R
01t2L000001mswBQAQ,"BH29 Walking Access Only - Yellow Banner Horizontal 84"" x 30""",BH29Y,Sign. Ban Yellow:BH29Y
01t2L000001msvJQAQ,"BH30 Raise Your Safety Bar Here - Yellow Banner Horizontal 84"" x 30""",BH30Y,Sign. Ban Yellow:BH30Y
01t2L000001msw6QAA,"BH31 Raise Bar Here - Yellow Banner Horizontal 84"" x 30""",BH31Y,Sign. Ban Yellow:BH31Y
01t2L000001msw1QAA,"BH32 Event in Progress - Yellow Banner Horizontal 84"" x 30""",BH32Y,Sign. Ban Yellow:BH32Y
01t2L000001msvwQAA,"BH33 Slow Beginner Area - Yellow Banner Horizontal 84"" x 30""",BH33Y,Sign. Ban Yellow:BH33Y
01t2L000001msvrQAA,"BH34 Moguls - Yellow Banner Horizontal 84"" x 30""",BH34Y,Sign. Ban Yellow:BH34Y
01t2L000002JnGkQAK,"BH35 Après Ski Arrow Pointing Left - Yellow Banner Horizontal 84"" x 30""",BH35Y L,Sign. Ban Yellow:BH35Y L
01t2L000001msvmQAA,"BH35 Après Ski Arrow Pointing Right - Yellow Banner Horizontal 84"" x 30""",BH35Y R,Sign. Ban Yellow:BH35Y R
01t2L000001msvhQAA,"BH36 Park Exit Entering Slow Zone - Yellow Banner Horizontal 84"" x 30""",BH36Y,Sign. Ban Yellow:BH36Y
01t2L000001mstmQAA,"BH37 High Traffic Area - Yellow Banner Horizontal 84"" x 30""",BH37Y,Sign. Ban Yellow:BH37Y
01t2L000002JlXLQA0,"BH38 Learning Area Arrow Pointing Left - Yellow Banner Horizontal 84"" x 30""",BH38Y L,Sign. Ban Yellow:BH38Y L
01t2L000002WpvEQAS,"BH38 Learning Area Arrow Pointing Right - Yellow Banner Horizontal 84"" x 30""",BH38Y R,Sign. Ban Yellow:BH38Y R
01t2L000002FzT8QAK,"BH39 No ATV's Allowed in Recreation Area - Yellow Banner Horizontal 84"" x 30""",BH39Y,Sign. Ban Yellow:BH39Y
01t6T0000061LwtQAE,"BH40 Slow Lift Entrance - Yellow Banner Horizontal 84"" x 30""",BH40Y,Sign. Ban Yellow:BH40Y
01t6T0000061LwwQAE,"BH41 Grooming & Winching in Progress - Yellow Banner Horizontal 84"" x 30""",BH41Y,Sign. Ban Yellow:BH41Y
01t6T000006XlBrQAK,"BH42 Closed Grooming In Progress - Yellow Banner Horizontal 84"" x 30""",BH42Y,Sign. Ban Yellow:BH42Y
01tOK000002UJ47YAG,"BH43 Winching in Progress - Yellow Banner Horizontal 84"" x 30""",BH43Y,Sign. Ban Yellow:BH43Y
01t6T0000067YWyQAM,"BH45 Snowmaking in Progress - Yellow Banner Horizontal 84"" x 30""",BH45Y,Sign. Ban Yellow:BH45Y
01tOK000006QO4tYAG,"BH46 Ski Fast Lose Pass - Yellow Banner Horizontal 84"" x 30""",BH46Y,Sign. Ban Yellow:BH46Y
01t6T0000067ZbIQAU,"BH47 Uphill Route - Yellow Banner Horizontal 84"" x 30""",BH47Y,Sign. Ban Yellow:BH47Y
01tOK000006QO4wYAG,"BH48 Family Zone Slow Skiing Only - Yellow Banner Horizontal 84"" x 30""",BH48Y,Sign. Ban Yellow:BH48Y
01tOK000006QO4zYAG,"BH49 Raise Bar Now - Yellow Banner Horizontal 84"" x 30""",BH49Y,Sign. Ban Yellow:BH49Y
01t2L000002FzTIQA0,"BH50 Please Walk Bikes - Yellow Banner Horizontal 84"" x 30""",BH50Y,Sign. Ban Yellow:BH50Y
01t2L000002FzTKQA0,"BH51 Bike Wash - Yellow Banner Horizontal 84"" x 30""",BH51Y,Sign. Ban Yellow:BH51Y
01t6T0000067fqBQAQ,"BH52 Bike Entrance - Yellow Banner Horizontal 84"" x 30""",BH52Y,Sign. Ban Yellow:BH52Y
01tOK00000CelnnYAB,"BH59 Lower Bar Now - Yellow Banner Horizontal 84"" x 30""",BH59Y,Sign. Ban Yellow:BH59Y
01t2L000002WqYvQAK,"BH60 Respectez La Distanciation Physique De 2M - Yellow Banner Horizontal 84"" x 30""",BH60F Y,Sign. Ban Yellow:BH60F Y
01t2L000002WqZ5QAK,"BH60 Keep Our Season Safe - Yellow Banner Horizontal 84"" x 30""",BH60Y,Sign. Ban Yellow:BH60Y
01t2L000002WqZFQA0,"BH61 Attendre ICI - Yellow Banner Horizontal 84"" x 30""",BH61F Y,Sign. Ban Yellow:BH61F Y
01t2L000002WqZPQA0,"BH61 Wait Here - Yellow Banner Horizontal 84"" x 30""",BH61Y,Sign. Ban Yellow:BH61Y
01t2L000002WqZZQA0,"BH62 Le Port Du Couvre-Visage Est Requis A La Station - Yellow Banner Horizontal 84"" x 30""",BH62F Y,Sign. Ban Yellow:BH62F Y
01t2L000002WqZeQAK,"BH62 Face Coverings Required - Yellow Banner Horizontal 84"" x 30""",BH62Y,Sign. Ban Yellow:BH62Y
01t2L000002WqZoQAK,"BH63 Masks On Now - Yellow Banner Horizontal 84"" x 30""",BH63Y,Sign. Ban Yellow:BH63Y
01t2L000002WqitQAC,"BH64 Mandatory Mask Zone - Yellow Banner Horizontal 84"" x 30""",BH64Y,Sign. Ban Yellow:BH64Y
01t2L000002Fvp6QAC,"BH65 Face Covering Zone - Yellow Banner Horizontal 84"" x 30""",BH65Y,Sign. Ban Yellow:BH65Y
01tOK000009IBCvYAO,"BH70 Please Stay In Track - Yellow Banner Horizontal 84"" x 30""",BH70Y,Sign. Ban Yellow:BH70Y
01tOK0000075pXNYAY,"BH71 To Base Area With Arrow - Yellow Banner Horizontal 84"" x 30""",BH71Y,Sign. Ban Yellow:BH71Y
01tOK000009IBD4YAO,"BH74 Learning Area Slow Skiing Only - Yellow Banner Horizontal 84"" x 30""",BH74Y,Sign. Ban Yellow:BH74Y
01tOK0000075pXJYAY,"BH75 High Speed Kills! Slow Down - Yellow Banner Horizontal 84"" x 30""",BH75Y,Sign. Ban Yellow:BH75Y
01tOK000009IBD0YAO,"BH76 Avoid Collisions Slow Down - Yellow Banner Horizontal 84"" x 30""",BH76Y,Sign. Ban Yellow:BH76Y
01tOK00000CelnhYAB,"BH80 Raise Bar Here - Yellow Banner Horizontal 84"" x 30""",BH80Y,Sign. Ban Yellow:BH80Y
01tOK00000CelnjYAB,"BH81 Lower Bar Here - Yellow Banner Horizontal 84"" x 30""",BH81Y,Sign. Ban Yellow:BH81Y
01tOK00000CelnlYAB,"BH82 Keep Bar Down - Yellow Banner Horizontal 84"" x 30""",BH82Y,Sign. Ban Yellow:BH82Y
01t1a000000WFlWAAW,"BH99 Custom Text Yellow Banner Horizontal 84"" x 30""",BH99Y,Sign. Ban Yellow:BH99Y
01t1a000000WF9FAAW,"BH99 Custom Yellow Heavy Mesh 84"" x 30"" Custom Text",BH99YC - DO NOT USE,Sign. Ban Yellow:BH99YC
01t1a000001LIBjAAO,"BL08 Family Skiing Zone - Yellow Banner Oversized 21' x 30""",BL08Y,Sign. Ban Yellow:BL08Y
01t1a000001LI8WAAW,"BL09 Lift Closed - Yellow Banner Oversized 21' x 30""",BL09Y,Sign. Ban Yellow:BL09Y
01t1a000000WEyHAAW,"BL10 Slow Zone - Yellow Banner Oversized 21' x 30""",BL10Y,Sign. Ban Yellow:BL10Y
01t1a000001wQmpAAE,"BL11 Slow Skiing Zone - Yellow Banner Oversized 21' x 30""",BL11Y,Sign. Ban Yellow:BL11Y
01t1a000000WFllAAG,"BL12 Slow Banner with Event Fencing - Yellow Oversized 20' x 46""",BL12Y 20,Sign. Ban Yellow:BL12Y 20
01t2L000002Fvp5QAC,"BL13 Chevrons - Yellow Banner Oversized 20' x 12""",BL13Y 20,Sign. Ban Yellow:BL13Y 20
01t1a000001wQmkAAE,"BL14 No Carving Zone - Yellow Banner 21' x 30""",BL14Y,Sign. Ban Yellow:BL14Y
01t2L000001mswLQAQ,"BL15 High Traffic Area - Yellow Banner Oversized 21' x 30""",BL15Y,Sign. Ban Yellow:BL15Y
01t6T000006XlBuQAK,"BL16 Slow - Yellow Banner Oversized 20' x 12""",BL16Y 20,Sign. Ban Yellow:BL16Y 20
01tOK000009IBD7YAO,"BL17 Rest Area - Yellow Banner Oversized 21' x 30""",BL17Y,Sign. Ban Yellow:BL17Y
01tOK00000CelnxYAB,"BL18 Avoid Collisions - Yellow Banner Oversized 21' x 30""",BL18Y,Sign. Ban Yellow:BL18Y
01tOK00000CelnzYAB,"BL19 Slow Down - Yellow Banner Oversized 21' x 30""",BL19Y,Sign. Ban Yellow:BL19Y
01t1a000000WFlvAAG,"BL99 Custom Text Yellow Banner Oversized 21' x 30""",BL99Y,Sign. Ban Yellow:BL99Y
01t2L000002JnHEQA0,Custom Yellow Banner - Custom Text and Size,BM99Y,Sign. Ban Yellow:BM99Y
01t1a000001Dcc9AAC,"BS01 Look Left - Yellow Banner Square 30"" x 30""",BS01Y L,Sign. Ban Yellow:BS01Y L
01t1a000001DccEAAS,"BS01 Look Right - Yellow Banner Square 30"" x 30""",BS01Y R,Sign. Ban Yellow:BS01Y R
01t1a000001DccJAAS,"BS02 Caution - Yellow Banner Square 30"" x 30""",BS02Y,Sign. Ban Yellow:BS02Y
01t1a000000WEYxAAO,"BS03 Merge - Yellow Banner Square 30"" x 30""",BS03Y,Sign. Ban Yellow:BS03Y
01t1a000001DccOAAS,"BS04 Slow Area - Yellow Banner Square 30"" x 30""",BS04Y,Sign. Ban Yellow:BS04Y
01t1a000000WFmKAAW,"BS05 Feature Closed - Yellow Banner Square 30"" x 30""",BS05Y,Sign. Ban Yellow:BS05Y
01t1a000000WEyRAAW,"BS06 Slow Down - Yellow Banner Square 30"" x 30""",BS06Y,Sign. Ban Yellow:BS06Y
01t1a000001DccTAAS,"BS07 Easiest Way Down - Yellow Banner Square 30"" x 30""",BS07Y,Sign. Ban Yellow:BS07Y
01t1a000001DccYAAS,"BS08 Yield Trail Crossing - Yellow Banner Square 30"" x 30""",BS08Y,Sign. Ban Yellow:BS08Y
01t1a000001DccdAAC,"BS09 Accident Scene - Yellow Banner Square 30"" x 30""",BS09Y,Sign. Ban Yellow:BS09Y
01t2L000001msvIQAQ,"BS10 Race In Progress - Yellow Banner Square 30"" x 30""",BS10Y,Sign. Ban Yellow:BS10Y
01t1a000001wS51AAE,"BS11 Trail Closed - Yellow Banner Square 30"" x 30""",BS11Y,Sign. Ban Yellow:BS11Y
01t2L000001msvDQAQ,"BS12 Caution Winch Grooming In Progress - Yellow Banner Square 30"" x 30""",BS12Y,Sign. Ban Yellow:BS12Y
01t2L000001msv8QAA,"BS13 No Uphill Traffic - Yellow Banner Square 30"" x 30""",BS13Y,Sign. Ban Yellow:BS13Y
01t2L000001msyWQAQ,"BS14 All Green Runs Are Slow Zones - Yellow Banner Square 30"" x 30""",BS14Y,Sign. Ban Yellow:BS14Y
01t6T0000067YWvQAM,"BS15 Snowmaking in Progress - Yellow Banner Square 30"" x 30""",BS15Y,Sign. Ban Yellow:BS15Y
01t6T0000067fq0QAA,"BS16 Not Yet! - Yellow Banner Square 30"" x 30""",BS16Y,Sign. Ban Yellow:BS16Y
01t6T0000067fq3QAA,"BS17 Raise Restraint Device - Yellow Banner Square 30"" x 30""",BS17Y,Sign. Ban Yellow:BS17Y
01t6T0000067fq7QAA,"BS18 Keep Feet Up - Yellow Banner Square 30"" x 30""",BS18Y,Sign. Ban Yellow:BS18Y
01t6T0000067fsyQAA,"BS19 Keep Tips Up - Yellow Banner Square 30"" x 30""",BS19Y,Sign. Ban Yellow:BS19Y
01t6T000006XlBlQAK,"BS22 Closed Training in Progress - Yellow Banner Square 30"" x 30""",BS22Y,Sign. Ban Yellow:BS22Y
01tOK00000Bd1VxYAJ,"BS24 Caution Narrow Trail  - Yellow Banner Square 30"" x 30""",BS24Y,Sign. Ban Yellow:BS24Y
01t6T000006XlBoQAK,"BS25 Stay in Track - Yellow Banner Square 30"" x 30""",BS25Y,Sign. Ban Yellow:BS25Y
01tOK00000CelnqYAB,"BS27 Lower Restraint Device - Yellow Banner Square 30"" x 30""",BS27Y,Sign. Ban Yellow:BS27Y
01t1a000000WEyWAAW,"BS99 Custom Text Yellow Banner Square 30"" x 30""",BS99Y,Sign. Ban Yellow:BS99Y
01t1a000000WFmoAAG,"BV01 Merge - Yellow Banner Vertical 18"" x 60""",BV01Y,Sign. Ban Yellow:BV01Y
01t1a000000WFlNAAW,"BV02 Slow - Yellow Banner Vertical 18"" x 60""",BV02Y,Sign. Ban Yellow:BV02Y
01t1a000001DcciAAC,"BV03 Closed - Yellow Banner Vertical 18"" x 60""",BV03Y,Sign. Ban Yellow:BV03Y
01t1a000000WFn8AAG,"BV04 Caution - Yellow Banner Vertical 18"" x 60""",BV04Y,Sign. Ban Yellow:BV04Y
01t1a000000WEybAAG,"BV05 Experts Only - Yellow Banner Vertical 18"" x 60""",BV05Y,Sign. Ban Yellow:BV05Y
01t1a000001DccnAAC,"BV06 Finish - Yellow Banner Vertical 18"" x 60""",BV06Y,Sign. Ban Yellow:BV06Y
01t1a000000WEygAAG,"BV07 Look Left Arrow - Yellow Banner Vertical 18"" x 60""",BV07Y L,Sign. Ban Yellow:BV07Y L
01t1a000000WFnTAAW,"BV07 Look Right Arrow - Yellow Banner Vertical 18"" x 60""",BV07Y R,Sign. Ban Yellow:BV07Y R
01t1a000001DccsAAC,"BV08 Heads Up - Yellow Banner Vertical 18"" x 60""",BV08Y,Sign. Ban Yellow:BV08Y
01t2L000001msvcQAA,"BV09 Lift Closed - Yellow Banner Vertical 18"" x 60""",BV09Y,Sign. Ban Yellow:BV09Y
01t2L000001msvXQAQ,"BV10 No Jumping - Yellow Banner Vertical 18"" x 60""",BV10Y,Sign. Ban Yellow:BV10Y
01t2L000001msuaQAA,"BV11 Race in Progress - Yellow Banner Vertical 18"" x 60""",BV11Y,Sign. Ban Yellow:BV11Y
01t2L000001msvSQAQ,"BV12 Start - Yellow Banner Vertical 18"" x 60""",BV12Y,Sign. Ban Yellow:BV12Y
01t2L000002JlXQQA0,"BV13 Chevrons Left - Yellow Banner Vertical 18"" x 60""",BV13Y L,Sign. Ban Yellow:BV13Y L
01t2L000001msuQQAQ,"BV13 Chevrons Right - Yellow Banner Vertical 18"" x 60""",BV13Y R,Sign. Ban Yellow:BV13Y R
01t2L000002JlXVQA0,"BV14 Lodge with Left Arrow - Yellow Banner Vertical 18"" x 60""",BV14Y L,Sign. Ban Yellow:BV14Y L
01t2L000001msvNQAQ,"BV14 Lodge with Right Arrow - Yellow Banner Vertical 18"" x 60""",BV14Y R,Sign. Ban Yellow:BV14Y R
01t2L000002WoEJQA0,"BV15 Easy Way - Yellow Banner Vertical 18"" x 60""",BV15Y,Sign. Ban Yellow:BV15Y
01t2L000002FyTuQAK,"BV16Y Pedestrian Crossing - Yellow Banner Vertical 18"" x 60""",BV16Y,Sign. Ban Yellow:BV16Y
01t6T0000067YWuQAM,"BV17 Easier Way - Yellow Banner Vertical 18"" x 60""",BV17Y,Sign. Ban Yellow:BV17Y
01tOK00000Bd1VrYAJ,"BV18 Easiest Way - Yellow Banner Vertical 18"" x 60""",BV18Y,Sign. Ban Yellow:BV18Y
01tOK000003OEhuYAG,"BV50 Last Chair - Yellow Banner Vertical 8"" x 36""",BV50Y,Sign. Ban Yellow:BV50Y
01t1a000000WEyqAAG,"BV99 Custom Text Yellow Banner Vertical 18"" x 60""",BV99Y,Sign. Ban Yellow:BV99Y
